{
    "code": 200,
    "message": "상권 추정 매출 데이터 조회에 성공했습니다.",
    "data": {
      "gender": [
        {
          "상권_코드_명": "가락시장역",
          "서비스_업종_코드_명": "미용실",
          "기준_년분기_코드": 20221,
          "자치구_코드_명": "송파구",
          "행정동_코드_명": "가락본동",
          "경도": 127.11872437303792,
          "위도": 37.494695372813744,
          "매출액": {
            "여성_매출_금액": 139997917,
            "남성_매출_금액": 129382799,
            "연령대_10_매출_금액": 3631550,
            "연령대_20_매출_금액": 21066475,
            "연령대_30_매출_금액": 64872232,
            "연령대_40_매출_금액": 74809628,
            "연령대_50_매출_금액": 79171234,
            "연령대_60_이상_매출_금액": 25829597
          },
          "id": "1042",
          "distance": 0.18209337150103438
        },
        {
          "상권_코드_명": "경찰병원역",
          "서비스_업종_코드_명": "미용실",
          "기준_년분기_코드": 20221,
          "자치구_코드_명": "송파구",
          "행정동_코드_명": "가락본동",
          "경도": 127.12080906154488,
          "위도": 37.497171026507736,
          "매출액": {
            "여성_매출_금액": 129497110,
            "남성_매출_금액": 160522865,
            "연령대_10_매출_금액": 501550,
            "연령대_20_매출_금액": 38743470,
            "연령대_30_매출_금액": 64732084,
            "연령대_40_매출_금액": 93981703,
            "연령대_50_매출_금액": 58655062,
            "연령대_60_이상_매출_금액": 33406107
          },
          "id": "0668",
          "distance": 0.5054270841769698
        },
        {
          "상권_코드_명": "송파사거리(송파역)",
          "서비스_업종_코드_명": "미용실",
          "기준_년분기_코드": 20221,
          "자치구_코드_명": "송파구",
          "행정동_코드_명": "석촌동",
          "경도": 127.11030924458171,
          "위도": 37.50111869275051,
          "매출액": {
            "여성_매출_금액": 96727374,
            "남성_매출_금액": 72031373,
            "연령대_10_매출_금액": 3388380,
            "연령대_20_매출_금액": 23737088,
            "연령대_30_매출_금액": 34697307,
            "연령대_40_매출_금액": 43911459,
            "연령대_50_매출_금액": 43194227,
            "연령대_60_이상_매출_금액": 19830286
          },
          "id": "a573",
          "distance": 1.1346776473522353
        },
        {
          "상권_코드_명": "문정동 로데오거리 상점가(문정동 로데오거리)",
          "서비스_업종_코드_명": "미용실",
          "기준_년분기_코드": 20221,
          "자치구_코드_명": "송파구",
          "행정동_코드_명": "가락본동",
          "경도": 127.12321722571214,
          "위도": 37.48995147671527,
          "매출액": {
            "여성_매출_금액": 85869346,
            "남성_매출_금액": 59453020,
            "연령대_10_매출_금액": 781609,
            "연령대_20_매출_금액": 16338226,
            "연령대_30_매출_금액": 32592108,
            "연령대_40_매출_금액": 33702666,
            "연령대_50_매출_금액": 44658866,
            "연령대_60_이상_매출_금액": 17248891
          },
          "id": "2d65",
          "distance": 0.5599858206392418
        },
        {
          "상권_코드_명": "오금역",
          "서비스_업종_코드_명": "미용실",
          "기준_년분기_코드": 20221,
          "자치구_코드_명": "송파구",
          "행정동_코드_명": "가락본동",
          "경도": 127.12614312912416,
          "위도": 37.50177860016498,
          "매출액": {
            "여성_매출_금액": 50799805,
            "남성_매출_금액": 60809155,
            "연령대_10_매출_금액": 279134,
            "연령대_20_매출_금액": 6424201,
            "연령대_30_매출_금액": 12627356,
            "연령대_40_매출_금액": 22964480,
            "연령대_50_매출_금액": 51555024,
            "연령대_60_이상_매출_금액": 17758765
          },
          "id": "8efd",
          "distance": 1.1894238992928021
        },
        {
          "상권_코드_명": "경찰병원역 3번",
          "서비스_업종_코드_명": "미용실",
          "기준_년분기_코드": 20221,
          "자치구_코드_명": "송파구",
          "행정동_코드_명": "가락2동",
          "경도": 127.12587022274428,
          "위도": 37.494156381623775,
          "매출액": {
            "여성_매출_금액": 37005173,
            "남성_매출_금액": 33857002,
            "연령대_10_매출_금액": 0,
            "연령대_20_매출_금액": 9653015,
            "연령대_30_매출_금액": 7599387,
            "연령대_40_매출_금액": 17160183,
            "연령대_50_매출_금액": 20644561,
            "연령대_60_이상_매출_금액": 15805029
          },
          "id": "bf77",
          "distance": 0.6813809452237432
        },
        {
          "상권_코드_명": "문정초등학교",
          "서비스_업종_코드_명": "미용실",
          "기준_년분기_코드": 20221,
          "자치구_코드_명": "송파구",
          "행정동_코드_명": "문정1동",
          "경도": 127.12648283683586,
          "위도": 37.48862354516316,
          "매출액": {
            "여성_매출_금액": 19831360,
            "남성_매출_금액": 15326930,
            "연령대_10_매출_금액": 653570,
            "연령대_20_매출_금액": 1466994,
            "연령대_30_매출_금액": 3786997,
            "연령대_40_매출_금액": 8358496,
            "연령대_50_매출_금액": 8910128,
            "연령대_60_이상_매출_금액": 11982105
          },
          "id": "9bec",
          "distance": 0.8795758117926052
        },
        {
          "상권_코드_명": "문정역 1번",
          "서비스_업종_코드_명": "미용실",
          "기준_년분기_코드": 20221,
          "자치구_코드_명": "송파구",
          "행정동_코드_명": "문정1동",
          "경도": 127.1231233502374,
          "위도": 37.48787024777591,
          "매출액": {
            "여성_매출_금액": 13145974,
            "남성_매출_금액": 12928675,
            "연령대_10_매출_금액": 129602,
            "연령대_20_매출_금액": 2194595,
            "연령대_30_매출_금액": 5878321,
            "연령대_40_매출_금액": 8653101,
            "연령대_50_매출_금액": 6389384,
            "연령대_60_이상_매출_금액": 2829646
          },
          "id": "ff73",
          "distance": 0.7224794018710201
        },
        {
          "상권_코드_명": "송파역 2번",
          "서비스_업종_코드_명": "미용실",
          "기준_년분기_코드": 20221,
          "자치구_코드_명": "송파구",
          "행정동_코드_명": "송파2동",
          "경도": 127.11534113261456,
          "위도": 37.500681404240055,
          "매출액": {
            "여성_매출_금액": 11916644,
            "남성_매출_금액": 3664887,
            "연령대_10_매출_금액": 0,
            "연령대_20_매출_금액": 536397,
            "연령대_30_매출_금액": 84520,
            "연령대_40_매출_금액": 5221124,
            "연령대_50_매출_금액": 6118178,
            "연령대_60_이상_매출_금액": 3621312
          },
          "id": "1196",
          "distance": 0.8816152220977609
        },
        {
          "상권_코드_명": "경찰병원역 4번(건너말공원)",
          "서비스_업종_코드_명": "미용실",
          "기준_년분기_코드": 20221,
          "자치구_코드_명": "송파구",
          "행정동_코드_명": "가락본동",
          "경도": 127.12347042338958,
          "위도": 37.49264522302983,
          "매출액": {
            "여성_매출_금액": 245526,
            "남성_매출_금액": 157838,
            "연령대_10_매출_금액": 0,
            "연령대_20_매출_금액": 0,
            "연령대_30_매출_금액": 78919,
            "연령대_40_매출_금액": 0,
            "연령대_50_매출_금액": 324445,
            "연령대_60_이상_매출_금액": 0
          },
          "id": "0e73",
          "distance": 0.46221435263002925
        }
      ],
      "age": [
        {
          "상권_코드_명": "경찰병원역",
          "서비스_업종_코드_명": "미용실",
          "기준_년분기_코드": 20221,
          "자치구_코드_명": "송파구",
          "행정동_코드_명": "가락본동",
          "경도": 127.12080906154488,
          "위도": 37.497171026507736,
          "매출액": {
            "여성_매출_금액": 129497110,
            "남성_매출_금액": 160522865,
            "연령대_10_매출_금액": 501550,
            "연령대_20_매출_금액": 38743470,
            "연령대_30_매출_금액": 64732084,
            "연령대_40_매출_금액": 93981703,
            "연령대_50_매출_금액": 58655062,
            "연령대_60_이상_매출_금액": 33406107
          },
          "id": "0668",
          "distance": 0.5054270841769698
        },
        {
          "상권_코드_명": "송파사거리(송파역)",
          "서비스_업종_코드_명": "미용실",
          "기준_년분기_코드": 20221,
          "자치구_코드_명": "송파구",
          "행정동_코드_명": "석촌동",
          "경도": 127.11030924458171,
          "위도": 37.50111869275051,
          "매출액": {
            "여성_매출_금액": 96727374,
            "남성_매출_금액": 72031373,
            "연령대_10_매출_금액": 3388380,
            "연령대_20_매출_금액": 23737088,
            "연령대_30_매출_금액": 34697307,
            "연령대_40_매출_금액": 43911459,
            "연령대_50_매출_금액": 43194227,
            "연령대_60_이상_매출_금액": 19830286
          },
          "id": "a573",
          "distance": 1.1346776473522353
        },
        {
          "상권_코드_명": "가락시장역",
          "서비스_업종_코드_명": "미용실",
          "기준_년분기_코드": 20221,
          "자치구_코드_명": "송파구",
          "행정동_코드_명": "가락본동",
          "경도": 127.11872437303792,
          "위도": 37.494695372813744,